Sample name,library number,i5 primer Name,i5 primer Sequence (8bp barcode),i5,i7 primer name,Type,i7Well,i7 Full primer sequence (6 bp barcode),i7,Sbfi7,Combo,Hits,i5act,BarcodeActual
302001,SOMM517,Black25_A04_i5F,AATGATACGGCGACCACCGAGATCTACACAGTATGCCACACTCTTTCCCTACACGACGCTCTTCCGATC*T,AGTATGCC,Sacks_A04,Sacks,A04,CAAGCAGAAGACGGCATACGAGATAAGACGGTGACTGGAGTTCAGACGTGTGCTCTTCCGATC*T,AAGACG,CGTCTT,1177 CGTCTT-GGCATACT,1177,GGCATACT,CGTCTT-GGCATACT
300661,SOMM517,Black01_A01_i5F,AATGATACGGCGACCACCGAGATCTACACACTGCGAAACACTCTTTCCCTACACGACGCTCTTCCGATC*T,ACTGCGAA,Sacks_A01,Sacks,A01,CAAGCAGAAGACGGCATACGAGATAAACGGGTGACTGGAGTTCAGACGTGTGCTCTTCCGATC*T,AAACGG,CCGTTT,1151 CCGTTT-TTCGCAGT,1151,TTCGCAGT,CCGTTT-TTCGCAGT
302002,SOMM517,Black17_A03_i5F,AATGATACGGCGACCACCGAGATCTACACTGAGCTGTACACTCTTTCCCTACACGACGCTCTTCCGATC*T,TGAGCTGT,Sacks_A03,Sacks,A03,CAAGCAGAAGACGGCATACGAGATAACTGAGTGACTGGAGTTCAGACGTGTGCTCTTCCGATC*T,AACTGA,TCAGTT,1145 TCAGTT-ACAGCTCA,1145,ACAGCTCA,TCAGTT-ACAGCTCA
300662,SOMM517,Black09_A02_i5F,AATGATACGGCGACCACCGAGATCTACACTAGTCTCGACACTCTTTCCCTACACGACGCTCTTCCGATC*T,TAGTCTCG,Sacks_A02,Sacks,A02,CAAGCAGAAGACGGCATACGAGATAACGTTGTGACTGGAGTTCAGACGTGTGCTCTTCCGATC*T,AACGTT,AACGTT,1556 AACGTT-CGAGACTA,1556,CGAGACTA,AACGTT-CGAGACTA
401431,SOMM517,Black81_A11_i5F,AATGATACGGCGACCACCGAGATCTACACAAGCCTGAACACTCTTTCCCTACACGACGCTCTTCCGATC*T,AAGCCTGA,Sacks_A11,Sacks,A11,CAAGCAGAAGACGGCATACGAGATACCATGGTGACTGGAGTTCAGACGTGTGCTCTTCCGATC*T,ACCATG,CATGGT,1077 CATGGT-TCAGGCTT,1077,TCAGGCTT,CATGGT-TCAGGCTT
402591,SOMM517,Black89_A12_i5F,AATGATACGGCGACCACCGAGATCTACACAGTACACGACACTCTTTCCCTACACGACGCTCTTCCGATC*T,AGTACACG,Sacks_A12,Sacks,A12,CAAGCAGAAGACGGCATACGAGATACCCCCGTGACTGGAGTTCAGACGTGTGCTCTTCCGATC*T,ACCCCC,GGGGGT,1286 GGGGGT-CGTGTACT,1286,CGTGTACT,GGGGGT-CGTGTACT
402281,SOMM517,Black02_B01_i5F,AATGATACGGCGACCACCGAGATCTACACCGACACTTACACTCTTTCCCTACACGACGCTCTTCCGATC*T,CGACACTT,Sacks_B01,Sacks,B01,CAAGCAGAAGACGGCATACGAGATACTCTTGTGACTGGAGTTCAGACGTGTGCTCTTCCGATC*T,ACTCTT,AAGAGT,1423 AAGAGT-AAGTGTCG,1423,AAGTGTCG,AAGAGT-AAGTGTCG
401262,SOMM517,Black10_B02_i5F,AATGATACGGCGACCACCGAGATCTACACCTCACCAAACACTCTTTCCCTACACGACGCTCTTCCGATC*T,CTCACCAA,Sacks_B02,Sacks,B02,CAAGCAGAAGACGGCATACGAGATACTGGCGTGACTGGAGTTCAGACGTGTGCTCTTCCGATC*T,ACTGGC,GCCAGT,991 GCCAGT-TTGGTGAG,991,TTGGTGAG,GCCAGT-TTGGTGAG
401262,SOMM517,Black10_B02_i5F,AATGATACGGCGACCACCGAGATCTACACCTCACCAAACACTCTTTCCCTACACGACGCTCTTCCGATC*T,CTCACCAA,Sacks_B02,Sacks,B02,CAAGCAGAAGACGGCATACGAGATACTGGCGTGACTGGAGTTCAGACGTGTGCTCTTCCGATC*T,ACTGGC,GCCAGT,30 GCCAGT-GTGGTGAG,30,GTGGTGAG,GCCAGT-GTGGTGAG
402142,SOMM517,Black18_B03_i5F,AATGATACGGCGACCACCGAGATCTACACAACCAGAGACACTCTTTCCCTACACGACGCTCTTCCGATC*T,AACCAGAG,Sacks_B03,Sacks,B03,CAAGCAGAAGACGGCATACGAGATAGCCATGTGACTGGAGTTCAGACGTGTGCTCTTCCGATC*T,AGCCAT,ATGGCT,1136 ATGGCT-CTCTGGTT,1136,CTCTGGTT,ATGGCT-CTCTGGTT
402141,SOMM517,Black26_B04_i5F,AATGATACGGCGACCACCGAGATCTACACGCGTATCAACACTCTTTCCCTACACGACGCTCTTCCGATC*T,GCGTATCA,Sacks_B04,Sacks,B04,CAAGCAGAAGACGGCATACGAGATAGCGCAGTGACTGGAGTTCAGACGTGTGCTCTTCCGATC*T,AGCGCA,TGCGCT,814 TGCGCT-TGATACGC,814,TGATACGC,TGCGCT-TGATACGC
402141,SOMM517,Black26_B04_i5F,AATGATACGGCGACCACCGAGATCTACACGCGTATCAACACTCTTTCCCTACACGACGCTCTTCCGATC*T,GCGTATCA,Sacks_B04,Sacks,B04,CAAGCAGAAGACGGCATACGAGATAGCGCAGTGACTGGAGTTCAGACGTGTGCTCTTCCGATC*T,AGCGCA,TGCGCT,19 TGCGCT-TGATCCGC,19,TGATCCGC,TGCGCT-TGATCCGC
400281,SOMM517,Black41_A06_i5F,AATGATACGGCGACCACCGAGATCTACACTACTGCTCACACTCTTTCCCTACACGACGCTCTTCCGATC*T,TACTGCTC,Sacks_A06,Sacks,A06,CAAGCAGAAGACGGCATACGAGATAATATCGTGACTGGAGTTCAGACGTGTGCTCTTCCGATC*T,AATATC,GATATT,1354 GATATT-GAGCAGTA,1354,GAGCAGTA,GATATT-GAGCAGTA
400282,SOMM517,Black33_A05_i5F,AATGATACGGCGACCACCGAGATCTACACTGGTGAAGACACTCTTTCCCTACACGACGCTCTTCCGATC*T,TGGTGAAG,Sacks_A05,Sacks,A05,CAAGCAGAAGACGGCATACGAGATAAGCTAGTGACTGGAGTTCAGACGTGTGCTCTTCCGATC*T,AAGCTA,TAGCTT,1053 TAGCTT-CTTCACCA,1053,CTTCACCA,TAGCTT-CTTCACCA
402592,SOMM517,Black49_A07_i5F,AATGATACGGCGACCACCGAGATCTACACACTCCTACACACTCTTTCCCTACACGACGCTCTTCCGATC*T,ACTCCTAC,Sacks_A07,Sacks,A07,CAAGCAGAAGACGGCATACGAGATAATGAGGTGACTGGAGTTCAGACGTGTGCTCTTCCGATC*T,AATGAG,CTCATT,1219 CTCATT-GTAGGAGT,1219,GTAGGAGT,CTCATT-GTAGGAGT
402592,SOMM517,Black49_A07_i5F,AATGATACGGCGACCACCGAGATCTACACACTCCTACACACTCTTTCCCTACACGACGCTCTTCCGATC*T,ACTCCTAC,Sacks_A07,Sacks,A07,CAAGCAGAAGACGGCATACGAGATAATGAGGTGACTGGAGTTCAGACGTGTGCTCTTCCGATC*T,AATGAG,CTCATT,19 CTCATT-GGAGGAGT,19,GGAGGAGT,CTCATT-GGAGGAGT
401261,SOMM517,Black57_A08_i5F,AATGATACGGCGACCACCGAGATCTACACTACTCCAGACACTCTTTCCCTACACGACGCTCTTCCGATC*T,TACTCCAG,Sacks_A08,Sacks,A08,CAAGCAGAAGACGGCATACGAGATACAAGAGTGACTGGAGTTCAGACGTGTGCTCTTCCGATC*T,ACAAGA,TCTTGT,1360 TCTTGT-CTGGAGTA,1360,CTGGAGTA,TCTTGT-CTGGAGTA
500132,SOMM517,Black42_B06_i5F,AATGATACGGCGACCACCGAGATCTACACCCACAACAACACTCTTTCCCTACACGACGCTCTTCCGATC*T,CCACAACA,Sacks_B06,Sacks,B06,CAAGCAGAAGACGGCATACGAGATAGGTGTGTGACTGGAGTTCAGACGTGTGCTCTTCCGATC*T,AGGTGT,ACACCT,1191 ACACCT-TGTTGTGG,1191,TGTTGTGG,ACACCT-TGTTGTGG
500132,SOMM517,Black42_B06_i5F,AATGATACGGCGACCACCGAGATCTACACCCACAACAACACTCTTTCCCTACACGACGCTCTTCCGATC*T,CCACAACA,Sacks_B06,Sacks,B06,CAAGCAGAAGACGGCATACGAGATAGGTGTGTGACTGGAGTTCAGACGTGTGCTCTTCCGATC*T,AGGTGT,ACACCT,30 ACACCT-GGTTGTGG,30,GGTTGTGG,ACACCT-GGTTGTGG
500131,SOMM517,Black34_B05_i5F,AATGATACGGCGACCACCGAGATCTACACAATGACGCACACTCTTTCCCTACACGACGCTCTTCCGATC*T,AATGACGC,Sacks_B05,Sacks,B05,CAAGCAGAAGACGGCATACGAGATAGGGTCGTGACTGGAGTTCAGACGTGTGCTCTTCCGATC*T,AGGGTC,GACCCT,1445 GACCCT-GCGTCATT,1445,GCGTCATT,GACCCT-GCGTCATT
500741,SOMM517,Black50_B07_i5F,AATGATACGGCGACCACCGAGATCTACACGTATTCCGACACTCTTTCCCTACACGACGCTCTTCCGATC*T,GTATTCCG,Sacks_B07,Sacks,B07,CAAGCAGAAGACGGCATACGAGATAGTAGGGTGACTGGAGTTCAGACGTGTGCTCTTCCGATC*T,AGTAGG,CCTACT,365 CCTACT-CGGAATAC,365,CGGAATAC,CCTACT-CGGAATAC
502151,SOMM517,Black11_C02_i5F,AATGATACGGCGACCACCGAGATCTACACAAGCGTTCACACTCTTTCCCTACACGACGCTCTTCCGATC*T,AAGCGTTC,Sacks_C02,Sacks,C02,CAAGCAGAAGACGGCATACGAGATCAAAAAGTGACTGGAGTTCAGACGTGTGCTCTTCCGATC*T,CAAAAA,TTTTTG,1035 TTTTTG-GAACGCTT,1035,GAACGCTT,TTTTTG-GAACGCTT
501802,SOMM517,Black19_C03_i5F,AATGATACGGCGACCACCGAGATCTACACAGTGACCTACACTCTTTCCCTACACGACGCTCTTCCGATC*T,AGTGACCT,Sacks_C03,Sacks,C03,CAAGCAGAAGACGGCATACGAGATCAATCGGTGACTGGAGTTCAGACGTGTGCTCTTCCGATC*T,CAATCG,CGATTG,809 CGATTG-AGGTCACT,809,AGGTCACT,CGATTG-AGGTCACT
501862,SOMM517,Black27_C04_i5F,AATGATACGGCGACCACCGAGATCTACACACCATAGGACACTCTTTCCCTACACGACGCTCTTCCGATC*T,ACCATAGG,Sacks_C04,Sacks,C04,CAAGCAGAAGACGGCATACGAGATCACCTCGTGACTGGAGTTCAGACGTGTGCTCTTCCGATC*T,CACCTC,GAGGTG,17 GAGGTG-CCTATGGT,17,CCTATGGT,GAGGTG-CCTATGGT
502152,SOMM517,Black35_C05_i5F,AATGATACGGCGACCACCGAGATCTACACCTCGAACAACACTCTTTCCCTACACGACGCTCTTCCGATC*T,CTCGAACA,Sacks_C05,Sacks,C05,CAAGCAGAAGACGGCATACGAGATCAGGCAGTGACTGGAGTTCAGACGTGTGCTCTTCCGATC*T,CAGGCA,TGCCTG,978 TGCCTG-TGTTCGAG,978,TGTTCGAG,TGCCTG-TGTTCGAG
502152,SOMM517,Black35_C05_i5F,AATGATACGGCGACCACCGAGATCTACACCTCGAACAACACTCTTTCCCTACACGACGCTCTTCCGATC*T,CTCGAACA,Sacks_C05,Sacks,C05,CAAGCAGAAGACGGCATACGAGATCAGGCAGTGACTGGAGTTCAGACGTGTGCTCTTCCGATC*T,CAGGCA,TGCCTG,19 TGCCTG-GGTTCGAG,19,GGTTCGAG,TGCCTG-GGTTCGAG
502961,SOMM517,Black43_C06_i5F,AATGATACGGCGACCACCGAGATCTACACTGCGTAACACACTCTTTCCCTACACGACGCTCTTCCGATC*T,TGCGTAAC,Sacks_C06,Sacks,C06,CAAGCAGAAGACGGCATACGAGATCATACTGTGACTGGAGTTCAGACGTGTGCTCTTCCGATC*T,CATACT,AGTATG,1038 AGTATG-GTTACGCA,1038,GTTACGCA,AGTATG-GTTACGCA
501801,SOMM517,Black58_B08_i5F,AATGATACGGCGACCACCGAGATCTACACAGGTAGGAACACTCTTTCCCTACACGACGCTCTTCCGATC*T,AGGTAGGA,Sacks_B08,Sacks,B08,CAAGCAGAAGACGGCATACGAGATAGTTAAGTGACTGGAGTTCAGACGTGTGCTCTTCCGATC*T,AGTTAA,TTAACT,82 TTAACT-TCCTACCT,82,TCCTACCT,TTAACT-TCCTACCT
502962,SOMM517,Black82_B11_i5F,AATGATACGGCGACCACCGAGATCTACACCTTAGGACACACTCTTTCCCTACACGACGCTCTTCCGATC*T,CTTAGGAC,Sacks_B11,Sacks,B11,CAAGCAGAAGACGGCATACGAGATATGCACGTGACTGGAGTTCAGACGTGTGCTCTTCCGATC*T,ATGCAC,GTGCAT,487 GTGCAT-GTCCTAAG,487,GTCCTAAG,GTGCAT-GTCCTAAG
501011,SOMM517,Black90_B12_i5F,AATGATACGGCGACCACCGAGATCTACACCCGCTTAAACACTCTTTCCCTACACGACGCTCTTCCGATC*T,CCGCTTAA,Sacks_B12,Sacks,B12,CAAGCAGAAGACGGCATACGAGATATGTTGGTGACTGGAGTTCAGACGTGTGCTCTTCCGATC*T,ATGTTG,CAACAT,937 CAACAT-TTAAGCGG,937,TTAAGCGG,CAACAT-TTAAGCGG
501012,SOMM517,Black03_C01_i5F,AATGATACGGCGACCACCGAGATCTACACTACAGAGCACACTCTTTCCCTACACGACGCTCTTCCGATC*T,TACAGAGC,Sacks_C01,Sacks,C01,CAAGCAGAAGACGGCATACGAGATATTCCGGTGACTGGAGTTCAGACGTGTGCTCTTCCGATC*T,ATTCCG,CGGAAT,1046 CGGAAT-GCTCTGTA,1046,GCTCTGTA,CGGAAT-GCTCTGTA
602182,SOMM517,Black84_D11_i5F,AATGATACGGCGACCACCGAGATCTACACGTGGTATGACACTCTTTCCCTACACGACGCTCTTCCGATC*T,GTGGTATG,Sacks_D11,Sacks,D11,CAAGCAGAAGACGGCATACGAGATCTTATGGTGACTGGAGTTCAGACGTGTGCTCTTCCGATC*T,CTTATG,CATAAG,59 CATAAG-CATACCAC,59,CATACCAC,CATAAG-CATACCAC
602992,SOMM517,Black92_D12_i5F,AATGATACGGCGACCACCGAGATCTACACATGCGCTTACACTCTTTCCCTACACGACGCTCTTCCGATC*T,ATGCGCTT,Sacks_D12,Sacks,D12,CAAGCAGAAGACGGCATACGAGATCTTTGCGTGACTGGAGTTCAGACGTGTGCTCTTCCGATC*T,CTTTGC,GCAAAG,940 GCAAAG-AAGCGCAT,940,AAGCGCAT,GCAAAG-AAGCGCAT
602992,SOMM517,Black92_D12_i5F,AATGATACGGCGACCACCGAGATCTACACATGCGCTTACACTCTTTCCCTACACGACGCTCTTCCGATC*T,ATGCGCTT,Sacks_D12,Sacks,D12,CAAGCAGAAGACGGCATACGAGATCTTTGCGTGACTGGAGTTCAGACGTGTGCTCTTCCGATC*T,CTTTGC,GCAAAG,53 GCAAAG-ACGCGCAT,53,ACGCGCAT,GCAAAG-ACGCGCAT
602992,SOMM517,Black92_D12_i5F,AATGATACGGCGACCACCGAGATCTACACATGCGCTTACACTCTTTCCCTACACGACGCTCTTCCGATC*T,ATGCGCTT,Sacks_D12,Sacks,D12,CAAGCAGAAGACGGCATACGAGATCTTTGCGTGACTGGAGTTCAGACGTGTGCTCTTCCGATC*T,CTTTGC,GCAAAG,41 GCAAAG-CAGCGCAT,41,CAGCGCAT,GCAAAG-CAGCGCAT
602992,SOMM517,Black92_D12_i5F,AATGATACGGCGACCACCGAGATCTACACATGCGCTTACACTCTTTCCCTACACGACGCTCTTCCGATC*T,ATGCGCTT,Sacks_D12,Sacks,D12,CAAGCAGAAGACGGCATACGAGATCTTTGCGTGACTGGAGTTCAGACGTGTGCTCTTCCGATC*T,CTTTGC,GCAAAG,14 GCAAAG-CCGCGCAT,14,CCGCGCAT,GCAAAG-CCGCGCAT
602771,SOMM517,Black05_E01_i5F,AATGATACGGCGACCACCGAGATCTACACAGGAACACACACTCTTTCCCTACACGACGCTCTTCCGATC*T,AGGAACAC,Sacks_E01,Sacks,E01,CAAGCAGAAGACGGCATACGAGATGAAATGGTGACTGGAGTTCAGACGTGTGCTCTTCCGATC*T,GAAATG,CATTTC,1015 CATTTC-GTGTTCCT,1015,GTGTTCCT,CATTTC-GTGTTCCT
600321,SOMM517,Black51_C07_i5F,AATGATACGGCGACCACCGAGATCTACACAACAGTCCACACTCTTTCCCTACACGACGCTCTTCCGATC*T,AACAGTCC,Sacks_C07,Sacks,C07,CAAGCAGAAGACGGCATACGAGATCCATTTGTGACTGGAGTTCAGACGTGTGCTCTTCCGATC*T,CCATTT,AAATGG,1104 AAATGG-GGACTGTT,1104,GGACTGTT,AAATGG-GGACTGTT
600231,SOMM517,Black59_C08_i5F,AATGATACGGCGACCACCGAGATCTACACCTAAGACCACACTCTTTCCCTACACGACGCTCTTCCGATC*T,CTAAGACC,Sacks_C08,Sacks,C08,CAAGCAGAAGACGGCATACGAGATCCCGGTGTGACTGGAGTTCAGACGTGTGCTCTTCCGATC*T,CCCGGT,ACCGGG,1736 ACCGGG-GGTCTTAG,1736,GGTCTTAG,ACCGGG-GGTCTTAG
600322,SOMM517,Black83_C11_i5F,AATGATACGGCGACCACCGAGATCTACACGCCTTCTTACACTCTTTCCCTACACGACGCTCTTCCGATC*T,GCCTTCTT,Sacks_C11,Sacks,C11,CAAGCAGAAGACGGCATACGAGATCCGCATGTGACTGGAGTTCAGACGTGTGCTCTTCCGATC*T,CCGCAT,ATGCGG,899 ATGCGG-AAGAAGGC,899,AAGAAGGC,ATGCGG-AAGAAGGC
601511,SOMM517,Black91_C12_i5F,AATGATACGGCGACCACCGAGATCTACACTGCTCTACACACTCTTTCCCTACACGACGCTCTTCCGATC*T,TGCTCTAC,Sacks_C12,Sacks,C12,CAAGCAGAAGACGGCATACGAGATCCTAACGTGACTGGAGTTCAGACGTGTGCTCTTCCGATC*T,CCTAAC,GTTAGG,659 GTTAGG-GTAGAGCA,659,GTAGAGCA,GTTAGG-GTAGAGCA
600232,SOMM517,Black20_D03_i5F,AATGATACGGCGACCACCGAGATCTACACCTGTGGTAACACTCTTTCCCTACACGACGCTCTTCCGATC*T,CTGTGGTA,Sacks_D03,Sacks,D03,CAAGCAGAAGACGGCATACGAGATCGCGTGGTGACTGGAGTTCAGACGTGTGCTCTTCCGATC*T,CGCGTG,CACGCG,1247 CACGCG-TACCACAG,1247,TACCACAG,CACGCG-TACCACAG
600611,SOMM517,Black12_D02_i5F,AATGATACGGCGACCACCGAGATCTACACGCATTGGTACACTCTTTCCCTACACGACGCTCTTCCGATC*T,GCATTGGT,Sacks_D02,Sacks,D02,CAAGCAGAAGACGGCATACGAGATCGCAGAGTGACTGGAGTTCAGACGTGTGCTCTTCCGATC*T,CGCAGA,TCTGCG,1076 TCTGCG-ACCAATGC,1076,ACCAATGC,TCTGCG-ACCAATGC
600902,SOMM517,Black04_D01_i5F,AATGATACGGCGACCACCGAGATCTACACGTACCACAACACTCTTTCCCTACACGACGCTCTTCCGATC*T,GTACCACA,Sacks_D01,Sacks,D01,CAAGCAGAAGACGGCATACGAGATCGAGGCGTGACTGGAGTTCAGACGTGTGCTCTTCCGATC*T,CGAGGC,GCCTCG,983 GCCTCG-TGTGGTAC,983,TGTGGTAC,GCCTCG-TGTGGTAC
600872,SOMM517,Black28_D04_i5F,AATGATACGGCGACCACCGAGATCTACACTTACCGACACACTCTTTCCCTACACGACGCTCTTCCGATC*T,TTACCGAC,Sacks_D04,Sacks,D04,CAAGCAGAAGACGGCATACGAGATCGGTCCGTGACTGGAGTTCAGACGTGTGCTCTTCCGATC*T,CGGTCC,GGACCG,930 GGACCG-GTCGGTAA,930,GTCGGTAA,GGACCG-GTCGGTAA
602772,SOMM517,Black60_D08_i5F,AATGATACGGCGACCACCGAGATCTACACTTAGGCGTACACTCTTTCCCTACACGACGCTCTTCCGATC*T,TTAGGCGT,Sacks_D08,Sacks,D08,CAAGCAGAAGACGGCATACGAGATCTCGCCGTGACTGGAGTTCAGACGTGTGCTCTTCCGATC*T,CTCGCC,GGCGAG,1030 GGCGAG-ACGCCTAA,1030,ACGCCTAA,GGCGAG-ACGCCTAA
600772,SOMM517,Black36_D05_i5F,AATGATACGGCGACCACCGAGATCTACACGCAACCATACACTCTTTCCCTACACGACGCTCTTCCGATC*T,GCAACCAT,Sacks_D05,Sacks,D05,CAAGCAGAAGACGGCATACGAGATCGTCTAGTGACTGGAGTTCAGACGTGTGCTCTTCCGATC*T,CGTCTA,TAGACG,1092 TAGACG-ATGGTTGC,1092,ATGGTTGC,TAGACG-ATGGTTGC
600772,SOMM517,Black36_D05_i5F,AATGATACGGCGACCACCGAGATCTACACGCAACCATACACTCTTTCCCTACACGACGCTCTTCCGATC*T,GCAACCAT,Sacks_D05,Sacks,D05,CAAGCAGAAGACGGCATACGAGATCGTCTAGTGACTGGAGTTCAGACGTGTGCTCTTCCGATC*T,CGTCTA,TAGACG,24 TAGACG-CTGGTTGC,24,CTGGTTGC,TAGACG-CTGGTTGC
601512,SOMM517,Black52_D07_i5F,AATGATACGGCGACCACCGAGATCTACACCCACTAAGACACTCTTTCCCTACACGACGCTCTTCCGATC*T,CCACTAAG,Sacks_D07,Sacks,D07,CAAGCAGAAGACGGCATACGAGATCTACAGGTGACTGGAGTTCAGACGTGTGCTCTTCCGATC*T,CTACAG,CTGTAG,1471 CTGTAG-CTTAGTGG,1471,CTTAGTGG,CTGTAG-CTTAGTGG
601712,SOMM517,Black44_D06_i5F,AATGATACGGCGACCACCGAGATCTACACACAACGTGACACTCTTTCCCTACACGACGCTCTTCCGATC*T,ACAACGTG,Sacks_D06,Sacks,D06,CAAGCAGAAGACGGCATACGAGATCGTGATGTGACTGGAGTTCAGACGTGTGCTCTTCCGATC*T,CGTGAT,ATCACG,963 ATCACG-CACGTTGT,963,CACGTTGT,ATCACG-CACGTTGT
700611,SOMM517,Black21_E03_i5F,AATGATACGGCGACCACCGAGATCTACACGTCGTTACACACTCTTTCCCTACACGACGCTCTTCCGATC*T,GTCGTTAC,Sacks_E03,Sacks,E03,CAAGCAGAAGACGGCATACGAGATGACGACGTGACTGGAGTTCAGACGTGTGCTCTTCCGATC*T,GACGAC,GTCGTC,1014 GTCGTC-GTAACGAC,1014,GTAACGAC,GTCGTC-GTAACGAC
700232,SOMM517,Black13_E02_i5F,AATGATACGGCGACCACCGAGATCTACACTGGAAGCAACACTCTTTCCCTACACGACGCTCTTCCGATC*T,TGGAAGCA,Sacks_E02,Sacks,E02,CAAGCAGAAGACGGCATACGAGATGAACCAGTGACTGGAGTTCAGACGTGTGCTCTTCCGATC*T,GAACCA,TGGTTC,1354 TGGTTC-TGCTTCCA,1354,TGCTTCCA,TGGTTC-TGCTTCCA
701331,SOMM517,Black29_E04_i5F,AATGATACGGCGACCACCGAGATCTACACGAACCTTCACACTCTTTCCCTACACGACGCTCTTCCGATC*T,GAACCTTC,Sacks_E04,Sacks,E04,CAAGCAGAAGACGGCATACGAGATGACTCTGTGACTGGAGTTCAGACGTGTGCTCTTCCGATC*T,GACTCT,AGAGTC,1441 AGAGTC-GAAGGTTC,1441,GAAGGTTC,AGAGTC-GAAGGTTC
701591,SOMM517,Black85_E11_i5F,AATGATACGGCGACCACCGAGATCTACACTGACCGTTACACTCTTTCCCTACACGACGCTCTTCCGATC*T,TGACCGTT,Sacks_E11,Sacks,E11,CAAGCAGAAGACGGCATACGAGATGCGCTGGTGACTGGAGTTCAGACGTGTGCTCTTCCGATC*T,GCGCTG,CAGCGC,1097 CAGCGC-AACGGTCA,1097,AACGGTCA,CAGCGC-AACGGTCA
701931,SOMM517,Black93_E12_i5F,AATGATACGGCGACCACCGAGATCTACACGCTAAGGAACACTCTTTCCCTACACGACGCTCTTCCGATC*T,GCTAAGGA,Sacks_E12,Sacks,E12,CAAGCAGAAGACGGCATACGAGATGCTCAAGTGACTGGAGTTCAGACGTGTGCTCTTCCGATC*T,GCTCAA,TTGAGC,1586 TTGAGC-TCCTTAGC,1586,TCCTTAGC,TTGAGC-TCCTTAGC
701932,SOMM517,Black14_F02_i5F,AATGATACGGCGACCACCGAGATCTACACACAGGCATACACTCTTTCCCTACACGACGCTCTTCCGATC*T,ACAGGCAT,Sacks_F02,Sacks,F02,CAAGCAGAAGACGGCATACGAGATGGCAAGGTGACTGGAGTTCAGACGTGTGCTCTTCCGATC*T,GGCAAG,CTTGCC,1263 CTTGCC-ATGCCTGT,1263,ATGCCTGT,CTTGCC-ATGCCTGT
701932,SOMM517,Black14_F02_i5F,AATGATACGGCGACCACCGAGATCTACACACAGGCATACACTCTTTCCCTACACGACGCTCTTCCGATC*T,ACAGGCAT,Sacks_F02,Sacks,F02,CAAGCAGAAGACGGCATACGAGATGGCAAGGTGACTGGAGTTCAGACGTGTGCTCTTCCGATC*T,GGCAAG,CTTGCC,22 CTTGCC-CTGCCTGT,22,CTGCCTGT,CTTGCC-CTGCCTGT
701781,SOMM517,Black06_F01_i5F,AATGATACGGCGACCACCGAGATCTACACACCGAATGACACTCTTTCCCTACACGACGCTCTTCCGATC*T,ACCGAATG,Sacks_F01,Sacks,F01,CAAGCAGAAGACGGCATACGAGATGGACTTGTGACTGGAGTTCAGACGTGTGCTCTTCCGATC*T,GGACTT,AAGTCC,882 AAGTCC-CATTCGGT,882,CATTCGGT,AAGTCC-CATTCGGT
701782,SOMM517,Black22_F03_i5F,AATGATACGGCGACCACCGAGATCTACACTAGCCATGACACTCTTTCCCTACACGACGCTCTTCCGATC*T,TAGCCATG,Sacks_F03,Sacks,F03,CAAGCAGAAGACGGCATACGAGATGGGCGCGTGACTGGAGTTCAGACGTGTGCTCTTCCGATC*T,GGGCGC,GCGCCC,1531 GCGCCC-CATGGCTA,1531,CATGGCTA,GCGCCC-CATGGCTA
700902,SOMM517,Black37_E05_i5F,AATGATACGGCGACCACCGAGATCTACACTATGACCGACACTCTTTCCCTACACGACGCTCTTCCGATC*T,TATGACCG,Sacks_E05,Sacks,E05,CAAGCAGAAGACGGCATACGAGATGAGAGAGTGACTGGAGTTCAGACGTGTGCTCTTCCGATC*T,GAGAGA,TCTCTC,919 TCTCTC-CGGTCATA,919,CGGTCATA,TCTCTC-CGGTCATA
700901,SOMM517,Black45_E06_i5F,AATGATACGGCGACCACCGAGATCTACACAACGCACAACACTCTTTCCCTACACGACGCTCTTCCGATC*T,AACGCACA,Sacks_E06,Sacks,E06,CAAGCAGAAGACGGCATACGAGATGATCGTGTGACTGGAGTTCAGACGTGTGCTCTTCCGATC*T,GATCGT,ACGATC,1517 ACGATC-TGTGCGTT,1517,TGTGCGTT,ACGATC-TGTGCGTT
700901,SOMM517,Black45_E06_i5F,AATGATACGGCGACCACCGAGATCTACACAACGCACAACACTCTTTCCCTACACGACGCTCTTCCGATC*T,AACGCACA,Sacks_E06,Sacks,E06,CAAGCAGAAGACGGCATACGAGATGATCGTGTGACTGGAGTTCAGACGTGTGCTCTTCCGATC*T,GATCGT,ACGATC,28 ACGATC-GGTGCGTT,28,GGTGCGTT,ACGATC-GGTGCGTT
700711,SOMM517,Black53_E07_i5F,AATGATACGGCGACCACCGAGATCTACACTGTTCCGTACACTCTTTCCCTACACGACGCTCTTCCGATC*T,TGTTCCGT,Sacks_E07,Sacks,E07,CAAGCAGAAGACGGCATACGAGATGCAGATGTGACTGGAGTTCAGACGTGTGCTCTTCCGATC*T,GCAGAT,ATCTGC,1025 ATCTGC-ACGGAACA,1025,ACGGAACA,ATCTGC-ACGGAACA
702312,SOMM517,Black61_E08_i5F,AATGATACGGCGACCACCGAGATCTACACACTCAACGACACTCTTTCCCTACACGACGCTCTTCCGATC*T,ACTCAACG,Sacks_E08,Sacks,E08,CAAGCAGAAGACGGCATACGAGATGCATGGGTGACTGGAGTTCAGACGTGTGCTCTTCCGATC*T,GCATGG,CCATGC,2458 CCATGC-CGTTGAGT,2458,CGTTGAGT,CCATGC-CGTTGAGT
802341,SOMM517,Black46_F06_i5F,AATGATACGGCGACCACCGAGATCTACACCTGTATGCACACTCTTTCCCTACACGACGCTCTTCCGATC*T,CTGTATGC,Sacks_F06,Sacks,F06,CAAGCAGAAGACGGCATACGAGATGGTTTGGTGACTGGAGTTCAGACGTGTGCTCTTCCGATC*T,GGTTTG,CAAACC,1076 CAAACC-GCATACAG,1076,GCATACAG,CAAACC-GCATACAG
802251,SOMM517,Black54_F07_i5F,AATGATACGGCGACCACCGAGATCTACACTTGCAACGACACTCTTTCCCTACACGACGCTCTTCCGATC*T,TTGCAACG,Sacks_F07,Sacks,F07,CAAGCAGAAGACGGCATACGAGATGTAAGTGTGACTGGAGTTCAGACGTGTGCTCTTCCGATC*T,GTAAGT,ACTTAC,1111 ACTTAC-CGTTGCAA,1111,CGTTGCAA,ACTTAC-CGTTGCAA
801931,SOMM517,Black62_F08_i5F,AATGATACGGCGACCACCGAGATCTACACCGCCTTATACACTCTTTCCCTACACGACGCTCTTCCGATC*T,CGCCTTAT,Sacks_F08,Sacks,F08,CAAGCAGAAGACGGCATACGAGATGTATCCGTGACTGGAGTTCAGACGTGTGCTCTTCCGATC*T,GTATCC,GGATAC,1593 GGATAC-ATAAGGCG,1593,ATAAGGCG,GGATAC-ATAAGGCG
802252,SOMM517,Black86_F11_i5F,AATGATACGGCGACCACCGAGATCTACACAACAGCGAACACTCTTTCCCTACACGACGCTCTTCCGATC*T,AACAGCGA,Sacks_F11,Sacks,F11,CAAGCAGAAGACGGCATACGAGATGTGTAAGTGACTGGAGTTCAGACGTGTGCTCTTCCGATC*T,GTGTAA,TTACAC,798 TTACAC-TCGCTGTT,798,TCGCTGTT,TTACAC-TCGCTGTT
802252,SOMM517,Black86_F11_i5F,AATGATACGGCGACCACCGAGATCTACACAACAGCGAACACTCTTTCCCTACACGACGCTCTTCCGATC*T,AACAGCGA,Sacks_F11,Sacks,F11,CAAGCAGAAGACGGCATACGAGATGTGTAAGTGACTGGAGTTCAGACGTGTGCTCTTCCGATC*T,GTGTAA,TTACAC,14 TTACAC-GCGCTGTT,14,GCGCTGTT,TTACAC-GCGCTGTT
802601,SOMM517,Black94_F12_i5F,AATGATACGGCGACCACCGAGATCTACACATCGTGGTACACTCTTTCCCTACACGACGCTCTTCCGATC*T,ATCGTGGT,Sacks_F12,Sacks,F12,CAAGCAGAAGACGGCATACGAGATGTTGGAGTGACTGGAGTTCAGACGTGTGCTCTTCCGATC*T,GTTGGA,TCCAAC,1425 TCCAAC-ACCACGAT,1425,ACCACGAT,TCCAAC-ACCACGAT
802602,SOMM517,Black07_G01_i5F,AATGATACGGCGACCACCGAGATCTACACCAATGCGAACACTCTTTCCCTACACGACGCTCTTCCGATC*T,CAATGCGA,Sacks_G01,Sacks,G01,CAAGCAGAAGACGGCATACGAGATTAAGCTGTGACTGGAGTTCAGACGTGTGCTCTTCCGATC*T,TAAGCT,AGCTTA,1735 AGCTTA-TCGCATTG,1735,TCGCATTG,AGCTTA-TCGCATTG
802602,SOMM517,Black07_G01_i5F,AATGATACGGCGACCACCGAGATCTACACCAATGCGAACACTCTTTCCCTACACGACGCTCTTCCGATC*T,CAATGCGA,Sacks_G01,Sacks,G01,CAAGCAGAAGACGGCATACGAGATTAAGCTGTGACTGGAGTTCAGACGTGTGCTCTTCCGATC*T,TAAGCT,AGCTTA,21 AGCTTA-GCGCATTG,21,GCGCATTG,AGCTTA-GCGCATTG
801461,SOMM517,Black30_F04_i5F,AATGATACGGCGACCACCGAGATCTACACACTTGGCTACACTCTTTCCCTACACGACGCTCTTCCGATC*T,ACTTGGCT,Sacks_F04,Sacks,F04,CAAGCAGAAGACGGCATACGAGATGGGGCGGTGACTGGAGTTCAGACGTGTGCTCTTCCGATC*T,GGGGCG,CGCCCC,707 CGCCCC-AGCCAAGT,707,AGCCAAGT,CGCCCC-AGCCAAGT
801462,SOMM517,Black38_F05_i5F,AATGATACGGCGACCACCGAGATCTACACATACTGGCACACTCTTTCCCTACACGACGCTCTTCCGATC*T,ATACTGGC,Sacks_F05,Sacks,F05,CAAGCAGAAGACGGCATACGAGATGGTACAGTGACTGGAGTTCAGACGTGTGCTCTTCCGATC*T,GGTACA,TGTACC,1185 TGTACC-GCCAGTAT,1185,GCCAGTAT,TGTACC-GCCAGTAT
901171,SOMM517,Black63_G08_i5F,AATGATACGGCGACCACCGAGATCTACACGCATAGTCACACTCTTTCCCTACACGACGCTCTTCCGATC*T,GCATAGTC,Sacks_G08,Sacks,G08,CAAGCAGAAGACGGCATACGAGATTCCTGCGTGACTGGAGTTCAGACGTGTGCTCTTCCGATC*T,TCCTGC,GCAGGA,1950 GCAGGA-GACTATGC,1950,GACTATGC,GCAGGA-GACTATGC
901132,SOMM517,Black87_G11_i5F,AATGATACGGCGACCACCGAGATCTACACGAAGATCCACACTCTTTCCCTACACGACGCTCTTCCGATC*T,GAAGATCC,Sacks_G11,Sacks,G11,CAAGCAGAAGACGGCATACGAGATTCGGACGTGACTGGAGTTCAGACGTGTGCTCTTCCGATC*T,TCGGAC,GTCCGA,1040 GTCCGA-GGATCTTC,1040,GGATCTTC,GTCCGA-GGATCTTC
901522,SOMM517,Black95_G12_i5F,AATGATACGGCGACCACCGAGATCTACACGAACGAAGACACTCTTTCCCTACACGACGCTCTTCCGATC*T,GAACGAAG,Sacks_G12,Sacks,G12,CAAGCAGAAGACGGCATACGAGATTCTCGGGTGACTGGAGTTCAGACGTGTGCTCTTCCGATC*T,TCTCGG,CCGAGA,1459 CCGAGA-CTTCGTTC,1459,CTTCGTTC,CCGAGA-CTTCGTTC
901231,SOMM517,Black08_H01_i5F,AATGATACGGCGACCACCGAGATCTACACGTTATGGCACACTCTTTCCCTACACGACGCTCTTCCGATC*T,GTTATGGC,Sacks_H01,Sacks,H01,CAAGCAGAAGACGGCATACGAGATTCTTCTGTGACTGGAGTTCAGACGTGTGCTCTTCCGATC*T,TCTTCT,AGAAGA,1277 AGAAGA-GCCATAAC,1277,GCCATAAC,AGAAGA-GCCATAAC
902671,SOMM517,Black16_H02_i5F,AATGATACGGCGACCACCGAGATCTACACCCTATACCACACTCTTTCCCTACACGACGCTCTTCCGATC*T,CCTATACC,Sacks_H02,Sacks,H02,CAAGCAGAAGACGGCATACGAGATTGAACCGTGACTGGAGTTCAGACGTGTGCTCTTCCGATC*T,TGAACC,GGTTCA,900 GGTTCA-GGTATAGG,900,GGTATAGG,GGTTCA-GGTATAGG
902671,SOMM517,Black16_H02_i5F,AATGATACGGCGACCACCGAGATCTACACCCTATACCACACTCTTTCCCTACACGACGCTCTTCCGATC*T,CCTATACC,Sacks_H02,Sacks,H02,CAAGCAGAAGACGGCATACGAGATTGAACCGTGACTGGAGTTCAGACGTGTGCTCTTCCGATC*T,TGAACC,GGTTCA,16 GGTTCA-GGGATAGG,16,GGGATAGG,GGTTCA-GGGATAGG
901232,SOMM517,Black24_H03_i5F,AATGATACGGCGACCACCGAGATCTACACCAACGAGTACACTCTTTCCCTACACGACGCTCTTCCGATC*T,CAACGAGT,Sacks_H03,Sacks,H03,CAAGCAGAAGACGGCATACGAGATTGACAAGTGACTGGAGTTCAGACGTGTGCTCTTCCGATC*T,TGACAA,TTGTCA,1412 TTGTCA-ACTCGTTG,1412,ACTCGTTG,TTGTCA-ACTCGTTG
900261,SOMM517,Black15_G02_i5F,AATGATACGGCGACCACCGAGATCTACACGATCAAGGACACTCTTTCCCTACACGACGCTCTTCCGATC*T,GATCAAGG,Sacks_G02,Sacks,G02,CAAGCAGAAGACGGCATACGAGATTAATTCGTGACTGGAGTTCAGACGTGTGCTCTTCCGATC*T,TAATTC,GAATTA,1228 GAATTA-CCTTGATC,1228,CCTTGATC,GAATTA-CCTTGATC
900841,SOMM517,Black23_G03_i5F,AATGATACGGCGACCACCGAGATCTACACTTGGACTGACACTCTTTCCCTACACGACGCTCTTCCGATC*T,TTGGACTG,Sacks_G03,Sacks,G03,CAAGCAGAAGACGGCATACGAGATTACACAGTGACTGGAGTTCAGACGTGTGCTCTTCCGATC*T,TACACA,TGTGTA,2300 TGTGTA-CAGTCCAA,2300,CAGTCCAA,TGTGTA-CAGTCCAA
901021,SOMM517,Black31_G04_i5F,AATGATACGGCGACCACCGAGATCTACACCGGATCAAACACTCTTTCCCTACACGACGCTCTTCCGATC*T,CGGATCAA,Sacks_G04,Sacks,G04,CAAGCAGAAGACGGCATACGAGATTACGGGGTGACTGGAGTTCAGACGTGTGCTCTTCCGATC*T,TACGGG,CCCGTA,1828 CCCGTA-TTGATCCG,1828,TTGATCCG,CCCGTA-TTGATCCG
900842,SOMM517,Black39_G05_i5F,AATGATACGGCGACCACCGAGATCTACACCGGAGTATACACTCTTTCCCTACACGACGCTCTTCCGATC*T,CGGAGTAT,Sacks_G05,Sacks,G05,CAAGCAGAAGACGGCATACGAGATTAGTATGTGACTGGAGTTCAGACGTGTGCTCTTCCGATC*T,TAGTAT,ATACTA,834 ATACTA-ATACTCCG,834,ATACTCCG,ATACTA-ATACTCCG
900492,SOMM517,Black47_G06_i5F,AATGATACGGCGACCACCGAGATCTACACTCTAGGAGACACTCTTTCCCTACACGACGCTCTTCCGATC*T,TCTAGGAG,Sacks_G06,Sacks,G06,CAAGCAGAAGACGGCATACGAGATTATCACGTGACTGGAGTTCAGACGTGTGCTCTTCCGATC*T,TATCAC,GTGATA,1185 GTGATA-CTCCTAGA,1185,CTCCTAGA,GTGATA-CTCCTAGA
900622,SOMM517,Black55_G07_i5F,AATGATACGGCGACCACCGAGATCTACACCATACGGAACACTCTTTCCCTACACGACGCTCTTCCGATC*T,CATACGGA,Sacks_G07,Sacks,G07,CAAGCAGAAGACGGCATACGAGATTCAAAGGTGACTGGAGTTCAGACGTGTGCTCTTCCGATC*T,TCAAAG,CTTTGA,1653 CTTTGA-TCCGTATG,1653,TCCGTATG,CTTTGA-TCCGTATG
110381,SOMM517,Black32_H04_i5F,AATGATACGGCGACCACCGAGATCTACACGTCCTGTTACACTCTTTCCCTACACGACGCTCTTCCGATC*T,GTCCTGTT,Sacks_H04,Sacks,H04,CAAGCAGAAGACGGCATACGAGATTGCCCGGTGACTGGAGTTCAGACGTGTGCTCTTCCGATC*T,TGCCCG,CGGGCA,1438 CGGGCA-AACAGGAC,1438,AACAGGAC,CGGGCA-AACAGGAC
110611,SOMM517,Black40_H05_i5F,AATGATACGGCGACCACCGAGATCTACACGTTGCTGTACACTCTTTCCCTACACGACGCTCTTCCGATC*T,GTTGCTGT,Sacks_H05,Sacks,H05,CAAGCAGAAGACGGCATACGAGATTGCTTAGTGACTGGAGTTCAGACGTGTGCTCTTCCGATC*T,TGCTTA,TAAGCA,1030 TAAGCA-ACAGCAAC,1030,ACAGCAAC,TAAGCA-ACAGCAAC
110382,SOMM517,Black48_H06_i5F,AATGATACGGCGACCACCGAGATCTACACGGCAAGTTACACTCTTTCCCTACACGACGCTCTTCCGATC*T,GGCAAGTT,Sacks_H06,Sacks,H06,CAAGCAGAAGACGGCATACGAGATTGGGGAGTGACTGGAGTTCAGACGTGTGCTCTTCCGATC*T,TGGGGA,TCCCCA,872 TCCCCA-AACTTGCC,872,AACTTGCC,TCCCCA-AACTTGCC
110612,SOMM517,Black56_H07_i5F,AATGATACGGCGACCACCGAGATCTACACGGAGTCTTACACTCTTTCCCTACACGACGCTCTTCCGATC*T,GGAGTCTT,Sacks_H07,Sacks,H07,CAAGCAGAAGACGGCATACGAGATTTATGAGTGACTGGAGTTCAGACGTGTGCTCTTCCGATC*T,TTATGA,TCATAA,1120 TCATAA-AAGACTCC,1120,AAGACTCC,TCATAA-AAGACTCC
111391,SOMM517,Black64_H08_i5F,AATGATACGGCGACCACCGAGATCTACACGGCGAATAACACTCTTTCCCTACACGACGCTCTTCCGATC*T,GGCGAATA,Sacks_H08,Sacks,H08,CAAGCAGAAGACGGCATACGAGATTTCCGTGTGACTGGAGTTCAGACGTGTGCTCTTCCGATC*T,TTCCGT,ACGGAA,1257 ACGGAA-TATTCGCC,1257,TATTCGCC,ACGGAA-TATTCGCC
120092,SOMM517,Black88_H11_i5F,AATGATACGGCGACCACCGAGATCTACACTCCTGGTAACACTCTTTCCCTACACGACGCTCTTCCGATC*T,TCCTGGTA,Sacks_H11,Sacks,H11,CAAGCAGAAGACGGCATACGAGATTTTAATGTGACTGGAGTTCAGACGTGTGCTCTTCCGATC*T,TTTAAT,ATTAAA,1297 ATTAAA-TACCAGGA,1297,TACCAGGA,ATTAAA-TACCAGGA
121432,SOMM517,Black96_H12_i5F,AATGATACGGCGACCACCGAGATCTACACCTTCCTTCACACTCTTTCCCTACACGACGCTCTTCCGATC*T,CTTCCTTC,Sacks_H12,Sacks,H12,CAAGCAGAAGACGGCATACGAGATTTTGTCGTGACTGGAGTTCAGACGTGTGCTCTTCCGATC*T,TTTGTC,GACAAA,1867 GACAAA-GAAGGAAG,1867,GAAGGAAG,GACAAA-GAAGGAAG
