id	seq	style
hdi_c_1	AAACGG-ACTGCGAA	TruSeq
hdi_c_9	ACTCTT-CGACACTT	TruSeq
hdi_c_19	ATTCCG-TACAGAGC	TruSeq
hdi_c_7	CGAGGC-GTACCACA	TruSeq
hdi_c_18	GAAATG-AGGAACAC	TruSeq
hdi_c_6	GGACTT-ACCGAATG	TruSeq
hdi_c_2	TAAGCT-CAATGCGA	TruSeq
hdi_c_5	TCTTCT-GTTATGGC	TruSeq
hdi_c_12	AACGTT-TAGTCTCG	TruSeq
hdi_c_15	ACTGGC-CTCACCAA	TruSeq
hdi_c_10	CAAAAA-AAGCGTTC	TruSeq
hdi_c_17	CGCAGA-GCATTGGT	TruSeq
hdi_c_14	GAACCA-TGGAAGCA	TruSeq
hdi_c_20	GGCAAG-ACAGGCAT	TruSeq
hdi_c_4	TAATTC-GATCAAGG	TruSeq
hdi_c_16	TGAACC-CCTATACC	TruSeq
hdi_c_13	AACTGA-TGAGCTGT	TruSeq
hdi_c_3	AGCCAT-AACCAGAG	TruSeq
hdi_c_11	CAATCG-AGTGACCT	TruSeq
hdi_c_8	CGCGTG-CTGTGGTA	TruSeq
hdi_A_10	GACGAC-GTCGTTAC	TruSeq
hdi_A_2	GGGCGC-TAGCCATG	TruSeq
hdi_A_16	TACACA-TTGGACTG	TruSeq
hdi_A_4	TGACAA-CAACGAGT	TruSeq
hdi_A_1	AAGACG-AGTATGCC	TruSeq
hdi_A_17	AGCGCA-GCGTATCA	TruSeq
hdi_A_12	CACCTC-ACCATAGG	TruSeq
hdi_A_6	CGGTCC-TTACCGAC	TruSeq
hdi_A_5	GACTCT-GAACCTTC	TruSeq
hdi_A_13	GGGGCG-ACTTGGCT	TruSeq
hdi_A_19	TACGGG-CGGATCAA	TruSeq
hdi_A_14	TGCCCG-GTCCTGTT	TruSeq
hdi_A_18	AAGCTA-TGGTGAAG	TruSeq
hdi_A_3	AGGGTC-AATGACGC	TruSeq
hdi_A_20	CAGGCA-CTCGAACA	TruSeq
hdi_A_6	CGTCTA-GCAACCAT	TruSeq
hdi_A_15	GAGAGA-TATGACCG	TruSeq
hdi_A_9	GGTACA-ATACTGGC	TruSeq
hdi_A_11	TAGTAT-CGGAGTAT	TruSeq
hdi_A_7	TGCTTA-GTTGCTGT	TruSeq
hdi_B_15	AATATC-TACTGCTC	TruSeq
hdi_B_11	AGGTGT-CCACAACA	TruSeq
hdi_B_1	CATACT-TGCGTAAC	TruSeq
hdi_B_4	CGTGAT-ACAACGTG	TruSeq
hdi_B_3	GATCGT-AACGCACA	TruSeq
hdi_B_8	GGTTTG-CTGTATGC	TruSeq
hdi_B_5	TATCAC-TCTAGGAG	TruSeq
hdi_B_9	TGGGGA-GGCAAGTT	TruSeq
hdi_B_6	AATGAG-ACTCCTAC	TruSeq
hdi_B_7	AGTAGG-GTATTCCG	TruSeq
hdi_B_14	CCATTT-AACAGTCC	TruSeq
hdi_B_13	CTACAG-CCACTAAG	TruSeq
hdi_B_20	GCAGAT-TGTTCCGT	TruSeq
hdi_B_17	GTAAGT-TTGCAACG	TruSeq
hdi_B_16	TCAAAG-CATACGGA	TruSeq
hdi_B_10	TTATGA-GGAGTCTT	TruSeq
hdi_B_2	ACAAGA-TACTCCAG	TruSeq
hdi_B_19	AGTTAA-AGGTAGGA	TruSeq
hdi_B_12	CCCGGT-CTAAGACC	TruSeq
hdi_B_18	CTCGCC-TTAGGCGT	TruSeq
Ldi_A_2	GCATGG-ACTCAACG	TruSeq
Ldi_A_12	GTATCC-CGCCTTAT	TruSeq
Ldi_A_9	TCCTGC-GCATAGTC	TruSeq
Ldi_A_8	TTCCGT-GGCGAATA	TruSeq
Ldi_A_6	ACAGCG-TCACCTAG	TruSeq
Ldi_A_3	ATAGTA-ACGAGAAC	TruSeq
Ldi_A_1	CCCTAA-CATCTGCT	TruSeq
Ldi_A_7	CTGCGA-TGTCACAC	TruSeq
Ldi_A_5	GCCGTA-AACAGGTG	TruSeq
Ldi_A_10	GTCATC-CCAGTTGA	TruSeq
Ldi_A_4	TCGATT-TCCTGACT	TruSeq
Ldi_A_11	TTCTAG-CTAACCTG	TruSeq
ldi_B_12	ACATAC-GATCTTGC	TruSeq
ldi_B_9	ATCAAA-TGACAACC	TruSeq
ldi_B_3	CCGAGG-AGGTGTTG	TruSeq
ldi_B_10	CTGGTT-GACACAGT	TruSeq
ldi_B_11	GCGACC-CCTGTCAA	TruSeq
ldi_B_8	GTGCCT-TACCTGCA	TruSeq
ldi_B_4	TCGCCA-ACAGCAAG	TruSeq
ldi_B_2	TTGAGC-CTGAACGT	TruSeq
